username,password
usuario1@mail.com,contraseña1
usuario2@mail.com,contraseña2
usuario3@mail.com,contraseña3
usuario4@mail.com,contraseña4
usuario5@mail.com,contraseña5
usuario6@mail.com,contraseña6
usuario7@mail.com,contraseña7
usuario8@mail.com,contraseña8
usuario9@mail.com,contraseña9
usuario10@mail.com,contraseña10
usuario11@mail.com,contraseña11
usuario12@mail.com,contraseña12
usuario13@mail.com,contraseña13
usuario14@mail.com,contraseña14
usuario15@mail.com,contraseña15
usuario16@mail.com,contraseña16
usuario17@mail.com,contraseña17
usuario18@mail.com,contraseña18
usuario19@mail.com,contraseña19
usuario20@mail.com,contraseña20
usuario21@mail.com,contraseña21
usuario22@mail.com,contraseña22
usuario23@mail.com,contraseña23
usuario24@mail.com,contraseña24
usuario25@mail.com,contraseña25
usuario26@mail.com,contraseña26
usuario27@mail.com,contraseña27
usuario28@mail.com,contraseña28
usuario29@mail.com,contraseña29
usuario30@mail.com,contraseña30
usuario31@mail.com,contraseña31
usuario32@mail.com,contraseña32
usuario33@mail.com,contraseña33
usuario34@mail.com,contraseña34
usuario35@mail.com,contraseña35
usuario36@mail.com,contraseña36
usuario37@mail.com,contraseña37
usuario38@mail.com,contraseña38
usuario39@mail.com,contraseña39
usuario40@mail.com,contraseña40
usuario41@mail.com,contraseña41
usuario42@mail.com,contraseña42
usuario43@mail.com,contraseña43
usuario44@mail.com,contraseña44
usuario45@mail.com,contraseña45
usuario46@mail.com,contraseña46
usuario47@mail.com,contraseña47
usuario48@mail.com,contraseña48
usuario49@mail.com,contraseña49
usuario50@mail.com,contraseña50
